{
  "Authorization.AccessDenied": "نم منع صلاحية الوصول لهذا الطلب!", //"Authorization has been denied for this request!"
  "Authorization.NotLoggedIn": "الصلاحية مطلوبة لتنفيذ ذلك!",
  "Controls.CheckTreeEditor.SelectAll": "تحديد الكل",
  "Controls.ColumnPickerDialog.HiddenColumns": "الأعمدة المخفية",
  "Controls.ColumnPickerDialog.HideHint": "إخفاء",
  "Controls.ColumnPickerDialog.RestoreDefaults": "إستعادة الإفتراضي",
  "Controls.ColumnPickerDialog.ShowHint": "عرض",
  "Controls.ColumnPickerDialog.VisibleColumns": "الأعمدة الظاهرة",
  "Controls.ColumnPickerDialog.Title": "تحديد الأعمدة",

  "Controls.EntityDialog.ApplyChangesButton": "حفظ التعديلات",
  "Controls.EntityDialog.CloneButton": "نسخ",
  "Controls.EntityDialog.DeleteButton": "حذف",
  "Controls.EntityDialog.DeleteConfirmation": "حذف البيانات",
  "Controls.EntityDialog.EditRecordTitle": "نعديل {0}{1}",
  "Controls.EntityDialog.LocalizationBack": "عودة للشاشة",
  "Controls.EntityDialog.LocalizationButton": "الترجمات المحلية",
  "Controls.EntityDialog.LocalizationConfirmation": "حفظ تعديلات الترجمات",
  "Controls.EntityDialog.NewRecordTitle": "إضافة {0}",
  "Controls.EntityDialog.SaveButton": "حفظ",
  "Controls.EntityDialog.SaveSuccessMessage": "تم الحفظ بنجاح",
  "Controls.EntityDialog.UndeleteButton": "إستعادة حذف",
  "Controls.EntityDialog.UndeleteConfirmation": "إستعادة حذف البيانات",
  "Controls.EntityDialog.UpdateButton": "تعديل",
  "Controls.EntityGrid.IncludeDeletedToggle": "عرض السجلات الغير نشطة",
  "Controls.EntityGrid.NewButton": "إضافة {0}",
  "Controls.EntityGrid.RefreshButton": "تحديث",

  "Controls.FilterPanel.AddFilter": "إضافة أعدادات بحث",
  "Controls.FilterPanel.RemoveField": "حذف اعدادات البحث",
  "Controls.FilterPanel.SelectField": "-- تحديد --",
  "Controls.FilterPanel.ThenBy": "-- ثم بواسطة --",
  "Controls.FilterPanel.All": "<الكل>",
  "Controls.FilterPanel.And": "و",
  "Controls.FilterPanel.AndInParens": "(و)",
  "Controls.FilterPanel.ApplyGroups": "تطبيق المجموعات",
  "Controls.FilterPanel.ClearGroups": "إزالة المجموعات",

  "Controls.FilterPanel.EffectiveEmpty": "بلا",
  "Controls.FilterPanel.FixErrorsMessage": "برجاء إصلاح الأخطاء الملونة بالأحمر", //Please fix errors that are marked in red
  "Controls.FilterPanel.GroupBy": "--مجموعة--",
  "Controls.FilterPanel.InvalidDate": "تاريخ خاطئ!",
  "Controls.FilterPanel.InvalidNumber": "رقم خاطئ!",
  "Controls.FilterPanel.InvalidOperator": "مشغل خاطئ",
  "Controls.FilterPanel.OperatorFormats.contains": "{0} يحتوي على '{1}'",
  "Controls.FilterPanel.OperatorFormats.false": "{0} = لا",
  "Controls.FilterPanel.OperatorFormats.isnotnull": "{0} غير فارغ",
  "Controls.FilterPanel.OperatorFormats.isnull": "{0} فارغ",
  "Controls.FilterPanel.OperatorFormats.startswith": "{0} يبدأ ب  '{1}'",
  "Controls.FilterPanel.OperatorFormats.true": "{0} = نعم",
  "Controls.FilterPanel.OperatorNames.bw": "بين",
  "Controls.FilterPanel.OperatorNames.contains": "يحنوي",
  "Controls.FilterPanel.OperatorNames.eq": "يساوي",
  "Controls.FilterPanel.OperatorNames.false": "لا",
  "Controls.FilterPanel.OperatorNames.ge": "أكير من أو يساوي",
  "Controls.FilterPanel.OperatorNames.gt": "أكبر من",
  "Controls.FilterPanel.OperatorNames.in": "in",
  "Controls.FilterPanel.OperatorNames.isnotnull": "غير فارغ",
  "Controls.FilterPanel.OperatorNames.isnull": "فارغ",
  "Controls.FilterPanel.OperatorNames.le": "أقل من أو يساوي",
  "Controls.FilterPanel.OperatorNames.lt": "أقل من",
  "Controls.FilterPanel.OperatorNames.ne": "لا يساوي",
  "Controls.FilterPanel.OperatorNames.startswith": "يبدأ ب",
  "Controls.FilterPanel.OperatorNames.true": "نعم",
  "Controls.FilterPanel.Or": "أو",
  "Controls.FilterPanel.OrInParens": "(أو)",
  "Controls.FilterPanel.ResetButton": "إعادة ضبط",
  "Controls.FilterPanel.ResetFilterHint": "إزالة إعدادات البحث",
  "Controls.FilterPanel.SearchButton": "تطبيق إعدادات البحث",
  "Controls.FilterPanel.ValueRequired": "مطلوب قيمة!",

  "Controls.ImageUpload.DeleteButtonHint": "حذف",
  "Controls.ImageUpload.AddFileButton": "تحدبد ملف",
  "Controls.ImageUpload.ColorboxClose": "التالي",
  "Controls.ImageUpload.ColorboxNext": "التالي",
  "Controls.ImageUpload.NotAnImageFile": "الملف المرفوع ليس بصورة!",

  "Controls.Pager.DefaultLoadError": "حدث خطأ أثناء تحميل البيانات",
  "Controls.Pager.LoadingStatus": "برجاء الإنتظار، جار تحميل البيانات",
  "Controls.Pager.NoRowStatus": "لا توجد بيانات",
  "Controls.Pager.Page": "رقم الصفحة",
  "Controls.Pager.PageStatus": "عرض {from} إلى {to} من {total} إجمالي البيانات",
  "Controls.PropertyGrid.RequiredHint": "هذا الحقل إجباري",
  "Controls.QuickSearch.Placeholder": "بحث",
  "Controls.SelectEditor.ClickToDefine": "**إضغط لإضافة جديد**",
  "Controls.SelectEditor.EmptyItemText": "--تحديد--",
  "Controls.SelectEditor.InplaceAdd": "إضافة جديد",
  "Controls.SelectEditor.InplaceEdit": "تعديل",
  "Controls.SelectEditor.NoResultsClickToDefine": "**لا توجد نتائج. إضغط لإضافة جديد**",
  "Controls.PropertyGrid.DefaultCategory": "خصائص",
  "Controls.QuickSearch.FieldSelection": "حدد الحقل المراد البحث فيه",
  "Controls.QuickSearch.Hint": "أدخل النص المراد البحث عنه...",

  "Db.Administration.Language.EntityPlural": "اللغات",
  "Db.Administration.Language.EntitySingular": "لغة",
  "Db.Administration.Language.Id": "كود",
  "Db.Administration.Language.LanguageId": "كود اللغة",
  "Db.Administration.Language.LanguageName": "إسم اللغة",
  "Db.Administration.Role.EntityPlural": "القواعد",
  "Db.Administration.Role.EntitySingular": "قاعدة",
  "Db.Administration.Translation.EntityPlural": "الترجمات",
  "Db.Administration.Role.RoleId": "كود القاعدة",
  "Db.Administration.Role.RoleName": "إسم القاعدة",
  "Db.Administration.RolePermission.EntityPlural": "صلاحيات القاعدة",
  "Db.Administration.RolePermission.EntitySingular": "صلاحية القاعدة",
  "Db.Administration.RolePermission.PermissionKey": "كود الصلاحية",
  "Db.Administration.RolePermission.RoleId": "كود القاعدة",
  "Db.Administration.RolePermission.RolePermissionId": "كود صلاحية القاعدة",
  "Db.Administration.RolePermission.RoleRoleName": "إسم القاعدة",
  "Db.Administration.Translation.CustomText": "ترجمة المستخدم في اللغة المستهدفة",
  "Db.Administration.Translation.Key": "كود النص",
  "Db.Administration.Translation.OverrideConfirmation": "إستبدال الترجمة المجاورة للخانة التي تم النقر عليها?",
  "Db.Administration.Translation.SaveChangesButton": "حفظ التغييرات",
  "Db.Administration.Translation.SourceLanguage": "اللغة المصدر",
  "Db.Administration.Translation.SourceText": "الترجمة في اللغة المصدر",
  "Db.Administration.Translation.TargetLanguage": "اللغة المستهدفة",
  "Db.Administration.Translation.TargetText": "الترجمة في اللغة المستهدفة",

  "Db.Administration.User.EntityPlural": "المستخدمين",
  "Db.Administration.User.EntitySingular": "مستخدم",
  "Db.Administration.User.Password": "كلمة السر",
  "Db.Administration.User.Username": "إسم المستخدم",
  "Db.Administration.UserPermission.EntityPlural": "صلاحيات المستخدمين",
  "Db.Administration.UserPermission.EntitySingular": "صلاحية مستخدم",
  "Db.Administration.UserPermission.Username": "إسم المستخدم",
  "Db.Administration.UserRole.Username": "إسم المستخدم",
  "Db.Administration.User.DisplayName": "الاسم الظاهر",
  "Db.Administration.User.Email": "البريد الالكتروني",
  "Db.Administration.User.LastDirectoryUpdate": "آخر تعديل",
  "Db.Administration.User.PasswordConfirm": "تأكيد كلمة السر",
  "Db.Administration.User.PasswordHash": "كلمة السر مشفرة",
  "Db.Administration.User.PasswordSalt": "كلمة السر مشفرة",
  "Db.Administration.User.Source": "أصل الحساب",
  "Db.Administration.User.UserId": "كود المستخدم",
  "Db.Administration.User.UserImage": "صورة المستخدم",
  "Db.Administration.UserPermission.Granted": "منح",
  "Db.Administration.UserPermission.PermissionKey": "كود الصلاحية",
  "Db.Administration.UserPermission.User": "اسم المستخدم الظاهر",
  "Db.Administration.UserPermission.UserId": "كود المستخدم",
  "Db.Administration.UserRole.EntityPlural": "قواعد المستخدم",
  "Db.Administration.UserRole.EntitySingular": "قاعدة المستخدم",
  "Db.Administration.UserRole.RoleId": "كود القاعدة",
  "Db.Administration.UserRole.User": "اسم المستخدم الظاهر",
  "Db.Administration.UserRole.UserId": "كود المستخدم",

  "Db.Shared.RecordId": "كود",
  "Dialogs.ConfirmationTitle": "تأكيد",
  "Dialogs.NoButton": "لا",
  "Dialogs.YesButton": "نعم",
  "Forms.Membership.Login.ForgotPassword": "نسيت كلمة السر؟",
  "Forms.Membership.Login.Password_Placeholder": "كلمة السر",
  "Forms.Membership.Login.RememberMe": "تذكرني",
  "Forms.Membership.Login.SignInButton": "تسجيل دخول",
  "Forms.Membership.Login.SignUpButton": "إضافة مستخدم جديد",
  "Forms.Membership.Login.Username_Placeholder": "إسم المستخدم",
  "Forms.Membership.SignUp.Password": "كلمة السر",
  "Forms.Membership.ChangePassword.ConfirmPassword": "تأكيد كلمة السر",
  "Forms.Membership.ChangePassword.FormTitle": "تغيير كلمة السر",
  "Forms.Membership.ChangePassword.NewPassword": "كلمة السر الجديدة",
  "Forms.Membership.ChangePassword.OldPassword": "كبمة السر القديمة",
  "Forms.Membership.ChangePassword.SubmitButton": "تغيير كلمة السر",
  "Forms.Membership.ChangePassword.Success": "تم تغيير كلمة السر.",
  "Forms.Membership.ForgotPassword.BackToLogin": "أنا أتذكر كلمة السر",
  "Forms.Membership.ForgotPassword.Email": "البريد الالكتروني",
  "Forms.Membership.ForgotPassword.FormInfo": "برجاء ادخال البيريد الالكتروني المستخدم في التسجيل.",
  "Forms.Membership.ForgotPassword.FormTitle": "نسيت كلمة السر",
  "Forms.Membership.ForgotPassword.SubmitButton": "إعادة ضبط كلمة السر",
  "Forms.Membership.ForgotPassword.Success": "تم إرسال رسالة لبريدك الالكتروني مع خطوات إعادة ضبط كلمة السر.", //An e-mail with password reset instructions is sent to your e-mail address
  "Forms.Membership.Login.FacebookButton": "تسجيل الدخول باستخدام حساب فيسبوك",
  "Forms.Membership.Login.FormTitle": "مرحباً لكم في SERENE (Serenity Application Template)",
  "Forms.Membership.Login.GoogleButton": "تسجيل الدخول باستخدام جوجل بلس+",
  "Forms.Membership.Login.OR": "أو",
  "Forms.Membership.ResetPassword.BackToLogin": "أتذكر كلمة السر، لا تقد بإعادة ضبطها!",
  "Forms.Membership.ResetPassword.ConfirmPassword": "تأكيد كلمة السر",
  "Forms.Membership.ResetPassword.FormTitle": "إعادة ضبط كلمة السر",
  "Forms.Membership.ResetPassword.NewPassword": "كلمة السر الجديدة",
  "Forms.Membership.ResetPassword.SubmitButton": "إعادة ضبط كلمة السر",
  "Forms.Membership.ResetPassword.Success": "تم تغيير كلمة السر الخاصة بك، برجاء تسجيل الدخول بكلمة السر الجديدة.",
  "Forms.Membership.SignUp.AcceptTerms": "أوافق على الشروط والاتفاقيات",
  "Forms.Membership.SignUp.BackToLogin": "لدي عضوية بالفعل",
  "Forms.Membership.SignUp.ConfirmEmail": "تأكيد البريد الالكتروني",
  "Forms.Membership.SignUp.ConfirmPassword": "تأكيد كلمة السر",
  "Forms.Membership.SignUp.DisplayName": "الاسم بالكامل",
  "Forms.Membership.SignUp.Email": "البريد الالكتروني",
  "Forms.Membership.SignUp.FormInfo": "برجاء إدخال بياناتك لانشاء حساب مجاني.",
  "Forms.Membership.SignUp.SubmitButton": "تسجيل جديد",
  "Forms.Membership.SignUp.Success": "تم إرسال رسالة لبريدك الالكتروني مع خطوات تفعيل حسابك..",
  "Navigation.Administration": "الإدارة",
  "Navigation.Administration/Exceptions Log": "سجل الأخطاء",
  "Navigation.Administration/Languages": "اللغات",
  "Navigation.Administration/Roles": "القواعد",
  "Navigation.Administration/Sergen": "السحرية Sergen أداة ",
  "Navigation.Administration/Tenants": "تعدد الشركات",
  "Navigation.Administration/Translations": "الترجمة",
  "Navigation.Administration/User Management": "إدارة المستخدمين",

  "Forms.Pasmand.Customer.Categories.Address": "العنوان",
  "Navigation.Dashboard": "الشاشة الرئيسية",
  "Navigation.LogoutLink": "تسجبل الخروج",
  "Site.AccessDenied.ClickToLogin": "أضغط هنا للرجوع لصفحة تسجيل الدخول",
  "Site.AccessDenied.LackPermissions": "ليس لديك صلاحية لدخول هذه الصفحة",
  "Site.AccessDenied.NotLoggedIn": "يجب تسجيل الدخول للوصول لهذه الصفحة",
  "Site.AccessDenied.PageTitle": "دخول غير مسموح به",
  "Site.Dashboard.ContentDescription": ".",
  "Validation.AuthenticationError": "إسم المستخدم أو كلمة السر غير صحيحة!!",
  "Validation.Username": "إسم المستخدم غير صحيح",
  "Validation.UsernameExists": "إسم المستخدم موجود بالفعل",
  "Site.AccessDenied.ClickToChangeUser": "أضغط هنا للدخول بمستخدم آخر...",
  "Site.Layout.GeneralSettings": "الإعدادات العامة",
  "Site.Layout.Language": "اللغة",
  "Site.Layout.Theme": "المظهر",
  "Site.Layout.ThemeBlack": "أسود",
  "Site.Layout.ThemeBlackLight": "أسود ساطع",
  "Site.Layout.ThemeBlue": "أزرق",
  "Site.Layout.ThemeBlueLight": "أزرق ساطع",
  "Site.Layout.ThemeGreen": "أخضر",
  "Site.Layout.ThemeGreenLight": "أخضر ساطع",
  "Site.Layout.ThemePurple": "بنفسجي",
  "Site.Layout.ThemePurpleLight": "بنفسجي ساطع",
  "Site.Layout.ThemeRed": "أحمر",
  "Site.Layout.ThemeRedLight": "أحمر ساطع",
  "Site.Layout.ThemeYellow": "أسفر",
  "Site.Layout.ThemeYellowLight": "أصفر ساطع",
  "Site.RolePermissionDialog.DialogTitle": "تعديل قاعدة صلاحيات ({0})",
  "Site.RolePermissionDialog.EditButton": "تعديل الصلاحيات",
  "Site.RolePermissionDialog.SaveSuccess": "تم تحديث قواعد الصلاحيات.",
  "Site.UserDialog.EditPermissionsButton": "تعديل الصلاحيات",
  "Site.UserDialog.EditRolesButton": "تعديل القواعد",
  "Site.UserPermissionDialog.DialogTitle": "تعديل صلاحيات المستخدم ({0})",
  "Site.UserPermissionDialog.Grant": "منح",
  "Site.UserPermissionDialog.Permission": "سلاحية",
  "Site.UserPermissionDialog.Revoke": "حجب",
  "Site.UserPermissionDialog.SaveSuccess": "تم تحديث الصلاحيات.",
  "Site.ValidationError.Title": "خطأ",
}